Time you went to be Yesterday,bedtime
,
1,01:00
1 aâ€†m,01:00
23,23:00
0.3,00:30
00:00,00:00
09:00,09:00
2300,23:00
12,00:00
1:00 AM,01:00
02:00,02:00
00:00,00:00
23.45,23:45
0.3,00:30
01:00,01:00
8,20:00
23:30,23:30
01:30,01:30
01:00,01:30
23:30,23:30
I didn't,NA
23:59,23:59
23:20,23:20
2 a.m.,02:00
23:30,23:30
23.3,23:30
01:30,01:30
23:30,23:30
22.2,22:20
23:30,23:30
01:20,01:20
23:55,23:55
01:00,01:00
23:00,23:00
02:00,02:00
Not,NA
01:00,01:00
01:00,01:00
01:00,01:00
01:00,01:00
01:15,01:15
Dont know,NA
01:00,01:00
2am,02:00
22:00,22:00
12.4,00:40
23:00,23:00
23:55,23:55
23:00,23:00
23,23:00
23:15,23:15
1,01:00
00:00,00:00
11:50,23:50
01:00,01:00
23,23:00
23:30,23:30
00:30,00:30
01:00,01:00
00:15,00:15
23:15,23:15
23:00,23:00
01:00,01:00
00:00,00:00
23:05,23:05
1,01:00
2:00 AM,02:00
01:00,01:00
2am,02:00
22,22:00
early,NA
23:03,23:03
23,23:00
23:59,23:59
01:30,01:30
22:10,22:10
0.3,00:30
01:00,01:00
01:15,01:15
23:15,23:15
12:00,12:00
23:58,23:58
1.12,01:12
01:30,01:30
00:30,00:30
2330,23:30
04:00,04:00
01:00,01:00
0.3,00:30
00:30,00:30
1:00 AM,01:00
23:00,23:00
0,00:00
10.30 pm,22:30
23:30,23:30
12,00:00
00:30,00:30
22:00,22:00
2,02:00
23:30,23:30
2,02:00
23:00,23:00
22.3,22:30
2am,02:00
22:45,22:45
23:00,23:00
1:30 AM,01:30
24:00:00,00:00
12,00:00
1,01:00
01:48,01:48
3,03:00
02:00,02:00
1.3,01:30
23.14,23:14
00:45,00:45
01:00,01:00
2:00 AM,02:00
01:00,01:00
23:30,23:30
23:30,23:30
23.16,23:16
23:00,23:00
12:30am,00:30
0.25,00:25
11:49,23:49
23:45,23:45
11pm,23:00
0.3,00:30
2359,23:59
00:30,00:30
02:00,02:00
4.40 AM,04:40
12:20,00:20
02:00,02:00
06:00,06:00
23:45,23:45
0.35,00:35
23:30,23:30
1.3,01:30
00:00,00:00
00:00,00:00
3,03:00
11:30,23:30
23,23:00
23:30,23:30
03:00,03:00
23:00,23:00
1.15,01:15
12,00:00
01:30,01:30
01:15,01:15
00:30,00:30
23:58,23:58
02:30,02:30
23:45,23:45
02:00,02:00
10:00pm,22:00
11,23:00
3:00 AM,03:00
01:34,01:34
3.3,03:30
12,00:00
01:30,01:30
1AM,01:00
1:00 AM,01:00
23:30,23:30
24,00:00
23:30,23:30
23:30,23:30
00:13,00:13
23:45,23:45
23:00,23:00
10.30 pm,22:30
00:30,00:30
12,00:00
23,23:00
03:20,03:20
03:00,03:00
23:15,23:15
01:30,01:30
1,01:00
1,01:00
02:00,02:00
 1 a.m.,01:00
2:00 AM,02:00
22.3,22:30
23:30,23:30
0,00:00
01:30,01:30
12,00:00
01:00,01:00
00:00,00:00
23:30,23:30
00:30,00:30
23:15,23:15
02:30,02:30
00:00,00:00
22:00,22:00
23:00,23:00
12,00:00
0,00:00
300,03:00
23,23:00
23:00,23:00
3am,03:00
04:30,04:30
04:00,04:00
02:00,02:00
0,00:00
01:05,01:05
3 3,03:30
23.3,23:30
2:00 AM,02:00
22.47,22:47
04:00,04:00
01:30,01:30
01:00,01:00
